player,season,pfr_id,age,yds,td,int,att,cmp,g,cmp_pct,td_pct,int_pct,y_per_a,ay_per_a,y_per_c,y_per_g,pos
Ben Roethlisberger,2018,RoetBe00,36.0,5129.0,34.0,16.0,675.0,452.0,16.0,67.0,5.0,2.4,7.6,7.5,11.3,320.6,QB
Patrick Mahomes,2018,MahoPa00,23.0,5097.0,50.0,12.0,580.0,383.0,16.0,66.0,8.6,2.1,8.8,9.6,13.3,318.6,QB
Matt Ryan,2018,RyanMa00,33.0,4924.0,35.0,7.0,608.0,422.0,16.0,69.4,5.8,1.2,8.1,8.7,11.7,307.8,QB
Jared Goff,2018,GoffJa00,24.0,4688.0,32.0,12.0,561.0,364.0,16.0,64.9,5.7,2.1,8.4,8.5,12.9,293.0,QB
Andrew Luck,2018,LuckAn00,29.0,4593.0,39.0,15.0,639.0,430.0,16.0,67.3,6.1,2.3,7.2,7.4,10.7,287.1,QB
Aaron Rodgers,2018,RodgAa00,35.0,4442.0,25.0,2.0,597.0,372.0,16.0,62.3,4.2,0.3,7.4,8.1,11.9,277.6,QB
Tom Brady,2018,BradTo00,41.0,4355.0,29.0,11.0,570.0,375.0,16.0,65.8,5.1,1.9,7.6,7.8,11.6,272.2,QB
Philip Rivers,2018,RivePh00,37.0,4308.0,32.0,12.0,508.0,347.0,16.0,68.3,6.3,2.4,8.5,8.7,12.4,269.3,QB
Eli Manning,2018,MannEl00,37.0,4299.0,21.0,11.0,576.0,380.0,16.0,66.0,3.6,1.9,7.5,7.3,11.3,268.7,QB
Kirk Cousins,2018,CousKi00,30.0,4298.0,30.0,10.0,606.0,425.0,16.0,70.1,5.0,1.7,7.1,7.3,10.1,268.6,QB
Deshaun Watson,2018,WatsDe00,23.0,4165.0,26.0,9.0,505.0,345.0,16.0,68.3,5.1,1.8,8.2,8.5,12.1,260.3,QB
Derek Carr,2018,CarrDe02,27.0,4049.0,19.0,10.0,553.0,381.0,16.0,68.9,3.4,1.8,7.3,7.2,10.6,253.1,QB
Drew Brees,2018,BreeDr00,39.0,3992.0,32.0,5.0,489.0,364.0,15.0,74.4,6.5,1.0,8.2,9.0,11.0,266.1,QB
Case Keenum,2018,KeenCa00,30.0,3890.0,18.0,15.0,586.0,365.0,16.0,62.3,3.1,2.6,6.6,6.1,10.7,243.1,QB
Dak Prescott,2018,PresDa01,25.0,3885.0,22.0,8.0,526.0,356.0,16.0,67.7,4.2,1.5,7.4,7.5,10.9,242.8,QB
Matthew Stafford,2018,StafMa00,30.0,3777.0,21.0,11.0,555.0,367.0,16.0,66.1,3.8,2.0,6.8,6.7,10.3,236.1,QB
Baker Mayfield,2018,MayfBa00,23.0,3725.0,27.0,14.0,486.0,310.0,14.0,63.8,5.6,2.9,7.7,7.5,12.0,266.1,QB
Russell Wilson,2018,WilsRu00,30.0,3448.0,35.0,7.0,427.0,280.0,16.0,65.6,8.2,1.6,8.1,9.0,12.3,215.5,QB
Cam Newton,2018,NewtCa00,29.0,3395.0,24.0,13.0,471.0,320.0,14.0,67.9,5.1,2.8,7.2,7.0,10.6,242.5,QB
Mitchell Trubisky,2018,TrubMi00,24.0,3223.0,24.0,12.0,434.0,289.0,14.0,66.6,5.5,2.8,7.4,7.3,11.2,230.2,QB
Carson Wentz,2018,WentCa00,26.0,3074.0,21.0,7.0,401.0,279.0,11.0,69.6,5.2,1.7,7.7,7.9,11.0,279.5,QB
Jameis Winston,2018,WinsJa00,24.0,2992.0,19.0,14.0,378.0,244.0,11.0,64.6,5.0,3.7,7.9,7.3,12.3,272.0,QB
Sam Darnold,2018,DarnSa00,21.0,2865.0,17.0,15.0,414.0,239.0,13.0,57.7,4.1,3.6,6.9,6.1,12.0,220.4,QB
Blake Bortles,2018,BortBl00,26.0,2718.0,13.0,11.0,403.0,243.0,13.0,60.3,3.2,2.7,6.7,6.2,11.2,209.1,QB
Andy Dalton,2018,DaltAn00,31.0,2566.0,21.0,11.0,365.0,226.0,11.0,61.9,5.8,3.0,7.0,6.8,11.4,233.3,QB
Marcus Mariota,2018,MariMa01,25.0,2528.0,11.0,8.0,331.0,228.0,14.0,68.9,3.3,2.4,7.6,7.2,11.1,180.6,QB
Joe Flacco,2018,FlacJo00,33.0,2465.0,12.0,6.0,379.0,232.0,9.0,61.2,3.2,1.6,6.5,6.4,10.6,273.9,QB
Ryan Fitzpatrick,2018,FitzRy00,36.0,2366.0,17.0,12.0,246.0,164.0,8.0,66.7,6.9,4.9,9.6,8.8,14.4,295.8,QB
Josh Rosen,2018,RoseJo01,21.0,2278.0,11.0,14.0,393.0,217.0,14.0,55.2,2.8,3.6,5.8,4.8,10.5,162.7,QB
Nick Mullens,2018,MullNi00,23.0,2277.0,13.0,10.0,274.0,176.0,8.0,64.2,4.7,3.6,8.3,7.6,12.9,284.6,QB
Alex Smith,2018,SmitAl03,34.0,2180.0,10.0,5.0,328.0,205.0,10.0,62.5,3.0,1.5,6.6,6.6,10.6,218.0,QB
Josh Allen,2018,AlleJo02,22.0,2074.0,10.0,12.0,320.0,169.0,12.0,52.8,3.1,3.8,6.5,5.4,12.3,172.8,QB
Ryan Tannehill,2018,TannRy00,30.0,1979.0,17.0,9.0,274.0,176.0,11.0,64.2,6.2,3.3,7.2,7.0,11.2,179.9,QB
Nick Foles,2018,FoleNi00,29.0,1413.0,7.0,4.0,195.0,141.0,5.0,72.3,3.6,2.1,7.2,7.0,10.0,282.6,QB
C.J. Beathard,2018,BeatC.00,25.0,1252.0,8.0,7.0,169.0,102.0,6.0,60.4,4.7,4.1,7.4,6.5,12.3,208.7,QB
Brock Osweiler,2018,OsweBr00,28.0,1247.0,6.0,4.0,178.0,113.0,7.0,63.5,3.4,2.2,7.0,6.7,11.0,178.1,QB
Lamar Jackson,2018,JackLa00,21.0,1201.0,6.0,3.0,170.0,99.0,16.0,58.2,3.5,1.8,7.1,7.0,12.1,75.1,QB
Jeff Driskel,2018,DrisJe00,25.0,1003.0,6.0,2.0,176.0,105.0,9.0,59.7,3.4,1.1,5.7,5.9,9.6,111.4,QB
Jimmy Garoppolo,2018,GaroJi00,27.0,718.0,5.0,3.0,89.0,53.0,3.0,59.6,5.6,3.4,8.1,7.7,13.5,239.3,QB
Cody Kessler,2018,KessCo00,25.0,709.0,2.0,2.0,131.0,85.0,5.0,64.9,1.5,1.5,5.4,5.0,8.3,141.8,QB
Blaine Gabbert,2018,GabbBl00,29.0,626.0,4.0,4.0,101.0,61.0,8.0,60.4,4.0,4.0,6.2,5.2,10.3,78.3,QB
Josh Johnson,2018,JohnJo05,32.0,590.0,3.0,4.0,91.0,52.0,4.0,57.1,3.3,4.4,6.5,5.2,11.3,147.5,QB
Josh McCown,2018,McCoJo01,39.0,539.0,1.0,4.0,110.0,60.0,4.0,54.5,0.9,3.6,4.9,3.4,9.0,134.8,QB
Chase Daniel,2018,DaniCh00,32.0,515.0,3.0,2.0,76.0,53.0,5.0,69.7,3.9,2.6,6.8,6.4,9.7,103.0,QB
Tyrod Taylor,2018,TaylTy00,29.0,473.0,2.0,2.0,85.0,42.0,4.0,49.4,2.4,2.4,5.6,5.0,11.3,118.3,QB
Derek Anderson,2018,AndeDe00,35.0,465.0,0.0,4.0,70.0,42.0,2.0,60.0,0.0,5.7,6.6,4.1,11.1,232.5,QB
Sam Bradford,2018,BradSa00,31.0,400.0,2.0,4.0,80.0,50.0,3.0,62.5,2.5,5.0,5.0,3.3,8.0,133.3,QB
Colt McCoy,2018,McCoCo00,32.0,372.0,3.0,3.0,54.0,34.0,3.0,63.0,5.6,5.6,6.9,5.5,10.9,124.0,QB
Taylor Heinicke,2018,HeinTa00,25.0,320.0,1.0,3.0,57.0,35.0,6.0,61.4,1.8,5.3,5.6,3.6,9.1,53.3,QB
Nathan Peterman,2018,PeteNa00,24.0,296.0,1.0,7.0,81.0,44.0,4.0,54.3,1.2,8.6,3.7,0.0,6.7,74.0,QB
Jameis Winston,2019,WinsJa00,25.0,5109.0,33.0,30.0,626.0,380.0,16.0,60.7,5.3,4.8,8.2,7.1,13.4,319.3,QB
Dak Prescott,2019,PresDa01,26.0,4902.0,30.0,11.0,596.0,388.0,16.0,65.1,5.0,1.8,8.2,8.4,12.6,306.4,QB
Jared Goff,2019,GoffJa00,25.0,4638.0,22.0,16.0,626.0,394.0,16.0,62.9,3.5,2.6,7.4,7.0,11.8,289.9,QB
Philip Rivers,2019,RivePh00,38.0,4615.0,23.0,20.0,591.0,390.0,16.0,66.0,3.9,3.4,7.8,7.1,11.8,288.4,QB
Matt Ryan,2019,RyanMa00,34.0,4466.0,26.0,14.0,616.0,408.0,15.0,66.2,4.2,2.3,7.3,7.1,10.9,297.7,QB
Russell Wilson,2019,WilsRu00,31.0,4110.0,31.0,5.0,516.0,341.0,16.0,66.1,6.0,1.0,8.0,8.7,12.1,256.9,QB
Tom Brady,2019,BradTo00,42.0,4057.0,24.0,8.0,613.0,373.0,16.0,60.8,3.9,1.3,6.6,6.8,10.9,253.6,QB
Derek Carr,2019,CarrDe02,28.0,4054.0,21.0,8.0,513.0,361.0,16.0,70.4,4.1,1.6,7.9,8.0,11.2,253.4,QB
Carson Wentz,2019,WentCa00,27.0,4039.0,27.0,7.0,607.0,388.0,16.0,63.9,4.4,1.2,6.7,7.0,10.4,252.4,QB
Patrick Mahomes,2019,MahoPa00,24.0,4031.0,26.0,5.0,484.0,319.0,14.0,65.9,5.4,1.0,8.3,8.9,12.6,287.9,QB
Aaron Rodgers,2019,RodgAa00,36.0,4002.0,26.0,4.0,569.0,353.0,16.0,62.0,4.6,0.7,7.0,7.6,11.3,250.1,QB
Jimmy Garoppolo,2019,GaroJi00,28.0,3978.0,27.0,13.0,476.0,329.0,16.0,69.1,5.7,2.7,8.4,8.3,12.1,248.6,QB
Deshaun Watson,2019,WatsDe00,24.0,3852.0,26.0,12.0,495.0,333.0,15.0,67.3,5.3,2.4,7.8,7.7,11.6,256.8,QB
Baker Mayfield,2019,MayfBa00,24.0,3827.0,22.0,21.0,534.0,317.0,16.0,59.4,4.1,3.9,7.2,6.2,12.1,239.2,QB
Kyler Murray,2019,MurrKy00,22.0,3722.0,20.0,12.0,542.0,349.0,16.0,64.4,3.7,2.2,6.9,6.6,10.7,232.6,QB
Kirk Cousins,2019,CousKi00,31.0,3603.0,26.0,6.0,444.0,307.0,15.0,69.1,5.9,1.4,8.1,8.7,11.7,240.2,QB
Ryan Fitzpatrick,2019,FitzRy00,37.0,3529.0,20.0,13.0,502.0,311.0,15.0,62.0,4.0,2.6,7.0,6.7,11.3,235.3,QB
Andy Dalton,2019,DaltAn00,32.0,3494.0,16.0,14.0,528.0,314.0,13.0,59.5,3.0,2.7,6.6,6.0,11.1,268.8,QB
Kyle Allen,2019,AlleKy00,23.0,3322.0,17.0,16.0,489.0,303.0,13.0,62.0,3.5,3.3,6.8,6.0,11.0,255.5,QB
Gardner Minshew II,2019,MinsGa00,23.0,3271.0,21.0,6.0,470.0,285.0,14.0,60.6,4.5,1.3,7.0,7.3,11.5,233.6,QB
Mitchell Trubisky,2019,TrubMi00,25.0,3138.0,17.0,10.0,516.0,326.0,15.0,63.2,3.3,1.9,6.1,5.9,9.6,209.2,QB
Lamar Jackson,2019,JackLa00,22.0,3127.0,36.0,6.0,401.0,265.0,15.0,66.1,9.0,1.5,7.8,8.9,11.8,208.5,QB
Josh Allen,2019,AlleJo02,23.0,3089.0,20.0,9.0,461.0,271.0,16.0,58.8,4.3,2.0,6.7,6.7,11.4,193.1,QB
Daniel Jones,2019,JoneDa05,22.0,3027.0,24.0,12.0,459.0,284.0,13.0,61.9,5.2,2.6,6.6,6.5,10.7,232.8,QB
Sam Darnold,2019,DarnSa00,22.0,3024.0,19.0,13.0,441.0,273.0,13.0,61.9,4.3,2.9,6.9,6.4,11.1,232.6,QB
Drew Brees,2019,BreeDr00,40.0,2979.0,27.0,4.0,378.0,281.0,11.0,74.3,7.1,1.1,7.9,8.8,10.6,270.8,QB
Jacoby Brissett,2019,BrisJa00,27.0,2942.0,18.0,6.0,447.0,272.0,15.0,60.9,4.0,1.3,6.6,6.8,10.8,196.1,QB
Ryan Tannehill,2019,TannRy00,31.0,2742.0,22.0,6.0,286.0,201.0,12.0,70.3,7.7,2.1,9.6,10.2,13.6,228.5,QB
Matthew Stafford,2019,StafMa00,31.0,2499.0,19.0,5.0,291.0,187.0,8.0,64.3,6.5,1.7,8.6,9.1,13.4,312.4,QB
Joe Flacco,2019,FlacJo00,34.0,1822.0,6.0,5.0,262.0,171.0,8.0,65.3,2.3,1.9,7.0,6.6,10.7,227.8,QB
Mason Rudolph,2019,RudoMa00,24.0,1765.0,13.0,9.0,283.0,176.0,10.0,62.2,4.6,3.2,6.2,5.7,10.0,176.5,QB
Case Keenum,2019,KeenCa00,31.0,1707.0,11.0,5.0,247.0,160.0,10.0,64.8,4.5,2.0,6.9,6.9,10.7,170.7,QB
Teddy Bridgewater,2019,BridTe00,27.0,1384.0,9.0,2.0,196.0,133.0,9.0,67.9,4.6,1.0,7.1,7.5,10.4,153.8,QB
Dwayne Haskins,2019,HaskDw00,22.0,1365.0,7.0,7.0,203.0,119.0,9.0,58.6,3.4,3.4,6.7,5.9,11.5,151.7,QB
Marcus Mariota,2019,MariMa01,26.0,1203.0,7.0,2.0,160.0,95.0,7.0,59.4,4.4,1.3,7.5,7.8,12.7,171.9,QB
Devlin Hodges,2019,HodgDe00,23.0,1063.0,5.0,8.0,160.0,100.0,8.0,62.5,3.1,5.0,6.6,5.0,10.6,132.9,QB
Eli Manning,2019,MannEl00,38.0,1042.0,6.0,5.0,147.0,91.0,4.0,61.9,4.1,3.4,7.1,6.4,11.5,260.5,QB
Drew Lock,2019,LockDr00,23.0,1020.0,7.0,3.0,156.0,100.0,5.0,64.1,4.5,1.9,6.5,6.6,10.2,204.0,QB
David Blough,2019,BlouDa00,24.0,984.0,4.0,6.0,174.0,94.0,5.0,54.0,2.3,3.4,5.7,4.6,10.5,196.8,QB
Nick Foles,2019,FoleNi00,30.0,736.0,3.0,2.0,117.0,77.0,4.0,65.8,2.6,1.7,6.3,6.0,9.6,184.0,QB
Jeff Driskel,2019,DrisJe00,26.0,685.0,4.0,4.0,105.0,62.0,3.0,59.0,3.8,3.8,6.5,5.6,11.0,228.3,QB
Matt Moore,2019,MoorMa01,35.0,659.0,4.0,0.0,91.0,59.0,6.0,64.8,4.4,0.0,7.2,8.1,11.2,109.8,QB
Matt Schaub,2019,SchaMa00,38.0,580.0,3.0,1.0,67.0,50.0,6.0,74.6,4.5,1.5,8.7,8.9,11.6,96.7,QB
Cam Newton,2019,NewtCa00,30.0,572.0,0.0,1.0,89.0,50.0,2.0,56.2,0.0,1.1,6.4,5.9,11.4,286.0,QB
Josh Rosen,2019,RoseJo01,22.0,567.0,1.0,5.0,109.0,58.0,6.0,53.2,0.9,4.6,5.2,3.3,9.8,94.5,QB
Brandon Allen,2019,AlleBr00,27.0,515.0,3.0,2.0,84.0,39.0,3.0,46.4,3.6,2.4,6.1,5.8,13.2,171.7,QB
Ryan Finley,2019,FinlRy00,25.0,474.0,2.0,2.0,87.0,41.0,3.0,47.1,2.3,2.3,5.4,4.9,11.6,158.0,QB
Chase Daniel,2019,DaniCh00,33.0,435.0,3.0,2.0,64.0,45.0,3.0,70.3,4.7,3.1,6.8,6.3,9.7,145.0,QB
Luke Falk,2019,FalkLu00,25.0,416.0,0.0,3.0,73.0,47.0,3.0,64.4,0.0,4.1,5.7,3.8,8.9,138.7,QB
Brian Hoyer,2019,HoyeBr00,34.0,372.0,4.0,4.0,65.0,35.0,4.0,53.8,6.2,6.2,5.7,4.2,10.6,93.0,QB
Matt Barkley,2019,BarkMa00,29.0,359.0,0.0,3.0,51.0,27.0,2.0,52.9,0.0,5.9,7.0,4.4,13.3,179.5,QB
Ben Roethlisberger,2019,RoetBe00,37.0,351.0,0.0,1.0,62.0,35.0,2.0,56.5,0.0,1.6,5.7,4.9,10.0,175.5,QB
Will Grier,2019,GrieWi00,24.0,228.0,0.0,4.0,52.0,28.0,2.0,53.8,0.0,7.7,4.4,0.9,8.1,114.0,QB
Deshaun Watson,2020,WatsDe00,25.0,4823.0,33.0,7.0,544.0,382.0,16.0,70.2,6.1,1.3,8.9,9.5,12.6,301.4,QB
Patrick Mahomes,2020,MahoPa00,25.0,4740.0,38.0,6.0,588.0,390.0,15.0,66.3,6.5,1.0,8.1,8.9,12.2,316.0,QB
Tom Brady,2020,BradTo00,43.0,4633.0,40.0,12.0,610.0,401.0,16.0,65.7,6.6,2.0,7.6,8.0,11.6,289.6,QB
Matt Ryan,2020,RyanMa00,35.0,4581.0,26.0,11.0,626.0,407.0,16.0,65.0,4.2,1.8,7.3,7.4,11.3,286.3,QB
Josh Allen,2020,AlleJo02,24.0,4544.0,37.0,10.0,572.0,396.0,16.0,69.2,6.5,1.7,7.9,8.5,11.5,284.0,QB
Justin Herbert,2020,HerbJu00,22.0,4336.0,31.0,10.0,595.0,396.0,15.0,66.6,5.2,1.7,7.3,7.6,10.9,289.1,QB
Aaron Rodgers,2020,RodgAa00,37.0,4299.0,48.0,5.0,526.0,372.0,16.0,70.7,9.1,1.0,8.2,9.6,11.6,268.7,QB
Kirk Cousins,2020,CousKi00,32.0,4265.0,35.0,13.0,516.0,349.0,16.0,67.6,6.8,2.5,8.3,8.5,12.2,266.6,QB
Russell Wilson,2020,WilsRu00,32.0,4212.0,40.0,13.0,558.0,384.0,16.0,68.8,7.2,2.3,7.5,7.9,11.0,263.3,QB
Philip Rivers,2020,RivePh00,39.0,4169.0,24.0,11.0,543.0,369.0,16.0,68.0,4.4,2.0,7.7,7.7,11.3,260.6,QB
Derek Carr,2020,CarrDe02,29.0,4103.0,27.0,9.0,517.0,348.0,16.0,67.3,5.2,1.7,7.9,8.2,11.8,256.4,QB
Matthew Stafford,2020,StafMa00,32.0,4084.0,26.0,10.0,528.0,339.0,16.0,64.2,4.9,1.9,7.7,7.9,12.0,255.3,QB
Kyler Murray,2020,MurrKy00,23.0,3971.0,26.0,12.0,558.0,375.0,16.0,67.2,4.7,2.2,7.1,7.1,10.6,248.2,QB
Jared Goff,2020,GoffJa00,26.0,3952.0,20.0,13.0,552.0,370.0,15.0,67.0,3.6,2.4,7.2,6.8,10.7,263.5,QB
Ryan Tannehill,2020,TannRy00,32.0,3819.0,33.0,7.0,481.0,315.0,16.0,65.5,6.9,1.5,7.9,8.7,12.1,238.7,QB
Ben Roethlisberger,2020,RoetBe00,38.0,3803.0,33.0,10.0,608.0,399.0,15.0,65.6,5.4,1.6,6.3,6.6,9.5,253.5,QB
Teddy Bridgewater,2020,BridTe00,28.0,3733.0,15.0,11.0,492.0,340.0,15.0,69.1,3.0,2.2,7.6,7.2,11.0,248.9,QB
Baker Mayfield,2020,MayfBa00,25.0,3563.0,26.0,8.0,486.0,305.0,16.0,62.8,5.3,1.6,7.3,7.7,11.7,222.7,QB
Daniel Jones,2020,JoneDa05,23.0,2943.0,11.0,10.0,448.0,280.0,14.0,62.5,2.5,2.2,6.6,6.1,10.5,210.2,QB
Drew Brees,2020,BreeDr00,41.0,2942.0,24.0,6.0,390.0,275.0,12.0,70.5,6.2,1.5,7.5,8.1,10.7,245.2,QB
Drew Lock,2020,LockDr00,24.0,2933.0,16.0,15.0,443.0,254.0,13.0,57.3,3.6,3.4,6.6,5.8,11.5,225.6,QB
Lamar Jackson,2020,JackLa00,23.0,2757.0,26.0,9.0,376.0,242.0,15.0,64.4,6.9,2.4,7.3,7.6,11.4,183.8,QB
Joe Burrow,2020,BurrJo01,24.0,2688.0,13.0,5.0,404.0,264.0,10.0,65.3,3.2,1.2,6.7,6.7,10.2,268.8,QB
Cam Newton,2020,NewtCa00,31.0,2657.0,8.0,10.0,368.0,242.0,15.0,65.8,2.2,2.7,7.2,6.4,11.0,177.1,QB
Carson Wentz,2020,WentCa00,28.0,2620.0,16.0,15.0,437.0,251.0,12.0,57.4,3.7,3.4,6.0,5.2,10.4,218.3,QB
Nick Mullens,2020,MullNi00,25.0,2437.0,12.0,12.0,326.0,211.0,10.0,64.7,3.7,3.7,7.5,6.6,11.5,243.7,QB
Gardner Minshew II,2020,MinsGa00,24.0,2259.0,16.0,5.0,327.0,216.0,9.0,66.1,4.9,1.5,6.9,7.2,10.5,251.0,QB
Sam Darnold,2020,DarnSa00,23.0,2208.0,9.0,11.0,364.0,217.0,12.0,59.6,2.5,3.0,6.1,5.2,10.2,184.0,QB
Andy Dalton,2020,DaltAn00,33.0,2170.0,14.0,8.0,333.0,216.0,11.0,64.9,4.2,2.4,6.5,6.3,10.0,197.3,QB
Ryan Fitzpatrick,2020,FitzRy00,38.0,2091.0,13.0,8.0,267.0,183.0,9.0,68.5,4.9,3.0,7.8,7.5,11.4,232.3,QB
Mitchell Trubisky,2020,TrubMi00,26.0,2055.0,16.0,8.0,297.0,199.0,10.0,67.0,5.4,2.7,6.9,6.8,10.3,205.5,QB
Dak Prescott,2020,PresDa01,27.0,1856.0,9.0,4.0,222.0,151.0,5.0,68.0,4.1,1.8,8.4,8.4,12.3,371.2,QB
Nick Foles,2020,FoleNi00,31.0,1852.0,10.0,8.0,312.0,202.0,9.0,64.7,3.2,2.6,5.9,5.4,9.2,205.8,QB
Tua Tagovailoa,2020,TagoTu00,22.0,1814.0,11.0,5.0,290.0,186.0,10.0,64.1,3.8,1.7,6.3,6.2,9.8,181.4,QB
Alex Smith,2020,SmitAl03,36.0,1582.0,6.0,8.0,252.0,168.0,8.0,66.7,2.4,3.2,6.3,5.3,9.4,197.8,QB
Dwayne Haskins,2020,HaskDw00,23.0,1439.0,5.0,7.0,241.0,148.0,7.0,61.4,2.1,2.9,6.0,5.1,9.7,205.6,QB
Jimmy Garoppolo,2020,GaroJi00,29.0,1096.0,7.0,5.0,140.0,94.0,6.0,67.1,5.0,3.6,7.8,7.2,11.7,182.7,QB
Mike Glennon,2020,GlenMi00,31.0,1072.0,7.0,5.0,179.0,111.0,5.0,62.0,3.9,2.8,6.0,5.5,9.7,214.4,QB
Jalen Hurts,2020,HurtJa00,22.0,1061.0,6.0,4.0,148.0,77.0,15.0,52.0,4.1,2.7,7.2,6.8,13.8,70.7,QB
Brandon Allen,2020,AlleBr00,28.0,925.0,5.0,4.0,142.0,90.0,5.0,63.4,3.5,2.8,6.5,6.0,10.3,185.0,QB
Joe Flacco,2020,FlacJo00,35.0,864.0,6.0,3.0,134.0,74.0,5.0,55.2,4.5,2.2,6.4,6.3,11.7,172.8,QB
C.J. Beathard,2020,BeatC.00,27.0,787.0,6.0,0.0,104.0,66.0,6.0,63.5,5.8,0.0,7.6,8.7,11.9,131.2,QB
Jake Luton,2020,LutoJa00,24.0,624.0,2.0,6.0,110.0,60.0,3.0,54.5,1.8,5.5,5.7,3.6,10.4,208.0,QB
Kyle Allen,2020,AlleKy00,24.0,610.0,4.0,1.0,87.0,60.0,4.0,69.0,4.6,1.1,7.0,7.4,10.2,152.5,QB
Jeff Driskel,2020,DrisJe00,27.0,432.0,3.0,2.0,64.0,35.0,3.0,54.7,4.7,3.1,6.8,6.3,12.3,144.0,QB
Colt McCoy,2020,McCoCo00,34.0,375.0,1.0,1.0,66.0,40.0,4.0,60.6,1.5,1.5,5.7,5.3,9.4,93.8,QB
P.J. Walker,2020,WalkPh00,25.0,368.0,1.0,5.0,56.0,32.0,4.0,57.1,1.8,8.9,6.6,2.9,11.5,92.0,QB
Tom Brady,2021,BradTo00,44.0,5316.0,43.0,12.0,719.0,485.0,17.0,67.5,6.0,1.7,7.4,7.8,11.0,312.7,QB
Justin Herbert,2021,HerbJu00,23.0,5014.0,38.0,15.0,672.0,443.0,17.0,65.9,5.7,2.2,7.5,7.6,11.3,294.9,QB
Matthew Stafford,2021,StafMa00,33.0,4886.0,41.0,17.0,601.0,404.0,17.0,67.2,6.8,2.8,8.1,8.2,12.1,287.4,QB
Patrick Mahomes,2021,MahoPa00,26.0,4839.0,37.0,13.0,658.0,436.0,17.0,66.3,5.6,2.0,7.4,7.6,11.1,284.6,QB
Derek Carr,2021,CarrDe02,30.0,4804.0,23.0,14.0,626.0,428.0,17.0,68.4,3.7,2.2,7.7,7.4,11.2,282.6,QB
Joe Burrow,2021,BurrJo01,25.0,4611.0,34.0,14.0,520.0,366.0,16.0,70.4,6.5,2.7,8.9,9.0,12.6,288.2,QB
Dak Prescott,2021,PresDa01,28.0,4449.0,37.0,10.0,596.0,410.0,16.0,68.8,6.2,1.7,7.5,8.0,10.9,278.1,QB
Josh Allen,2021,AlleJo02,25.0,4407.0,36.0,15.0,646.0,409.0,17.0,63.3,5.6,2.3,6.8,6.9,10.8,259.2,QB
Kirk Cousins,2021,CousKi00,33.0,4221.0,33.0,7.0,561.0,372.0,16.0,66.3,5.9,1.2,7.5,8.1,11.3,263.8,QB
Aaron Rodgers,2021,RodgAa00,38.0,4115.0,37.0,4.0,531.0,366.0,16.0,68.9,7.0,0.8,7.7,8.8,11.2,257.2,QB
Matt Ryan,2021,RyanMa00,36.0,3968.0,20.0,12.0,560.0,375.0,17.0,67.0,3.6,2.1,7.1,6.8,10.6,233.4,QB
Jimmy Garoppolo,2021,GaroJi00,30.0,3810.0,20.0,12.0,441.0,301.0,15.0,68.3,4.5,2.7,8.6,8.3,12.7,254.0,QB
Mac Jones,2021,JoneMa05,23.0,3801.0,22.0,13.0,521.0,352.0,17.0,67.6,4.2,2.5,7.3,7.0,10.8,223.6,QB
Kyler Murray,2021,MurrKy00,24.0,3787.0,24.0,10.0,481.0,333.0,14.0,69.2,5.0,2.1,7.9,7.9,11.4,270.5,QB
Ben Roethlisberger,2021,RoetBe00,39.0,3740.0,22.0,10.0,605.0,390.0,16.0,64.5,3.6,1.7,6.2,6.2,9.6,233.8,QB
Ryan Tannehill,2021,TannRy00,33.0,3734.0,21.0,14.0,531.0,357.0,17.0,67.2,4.0,2.6,7.0,6.6,10.5,219.6,QB
Trevor Lawrence,2021,LawrTr00,22.0,3641.0,12.0,17.0,602.0,359.0,17.0,59.6,2.0,2.8,6.0,5.2,10.1,214.2,QB
Carson Wentz,2021,WentCa00,29.0,3563.0,27.0,7.0,516.0,322.0,17.0,62.4,5.2,1.4,6.9,7.3,11.1,209.6,QB
Taylor Heinicke,2021,HeinTa00,28.0,3419.0,20.0,15.0,494.0,321.0,16.0,65.0,4.0,3.0,6.9,6.4,10.7,213.7,QB
Jared Goff,2021,GoffJa00,27.0,3245.0,19.0,8.0,494.0,332.0,14.0,67.2,3.8,1.6,6.6,6.6,9.8,231.8,QB
Jalen Hurts,2021,HurtJa00,23.0,3144.0,16.0,9.0,432.0,265.0,15.0,61.3,3.7,2.1,7.3,7.1,11.9,209.6,QB
Russell Wilson,2021,WilsRu00,33.0,3113.0,25.0,6.0,400.0,259.0,14.0,64.8,6.3,1.5,7.8,8.4,12.0,222.4,QB
Teddy Bridgewater,2021,BridTe00,29.0,3052.0,18.0,7.0,426.0,285.0,14.0,66.9,4.2,1.6,7.2,7.3,10.7,218.0,QB
Baker Mayfield,2021,MayfBa00,26.0,3010.0,17.0,13.0,418.0,253.0,14.0,60.5,4.1,3.1,7.2,6.6,11.9,215.0,QB
Lamar Jackson,2021,JackLa00,24.0,2882.0,16.0,13.0,382.0,246.0,12.0,64.4,4.2,3.4,7.5,6.9,11.7,240.2,QB
Davis Mills,2021,MillDa02,23.0,2664.0,16.0,10.0,394.0,263.0,13.0,66.8,4.1,2.5,6.8,6.4,10.1,204.9,QB
Tua Tagovailoa,2021,TagoTu00,23.0,2653.0,16.0,10.0,388.0,263.0,13.0,67.8,4.1,2.6,6.8,6.5,10.1,204.1,QB
Sam Darnold,2021,DarnSa00,24.0,2527.0,9.0,13.0,406.0,243.0,12.0,59.9,2.2,3.2,6.2,5.2,10.4,210.6,QB
Daniel Jones,2021,JoneDa05,24.0,2428.0,10.0,7.0,361.0,232.0,11.0,64.3,2.8,1.9,6.7,6.4,10.5,220.7,QB
Zach Wilson,2021,WilsZa00,22.0,2334.0,9.0,11.0,383.0,213.0,13.0,55.6,2.3,2.9,6.1,5.3,11.0,179.5,QB
Justin Fields,2021,FielJu00,22.0,1870.0,7.0,10.0,270.0,159.0,12.0,58.9,2.6,3.7,6.9,5.8,11.8,155.8,QB
Andy Dalton,2021,DaltAn00,34.0,1515.0,8.0,9.0,236.0,149.0,8.0,63.1,3.4,3.8,6.4,5.4,10.2,189.4,QB
Jacoby Brissett,2021,BrisJa00,29.0,1283.0,5.0,4.0,225.0,141.0,11.0,62.7,2.2,1.8,5.7,5.3,9.1,116.6,QB
Jameis Winston,2021,WinsJa00,27.0,1170.0,14.0,3.0,161.0,95.0,7.0,59.0,8.7,1.9,7.3,8.2,12.3,167.1,QB
Trevor Siemian,2021,SiemTr00,30.0,1154.0,11.0,3.0,188.0,108.0,6.0,57.4,5.9,1.6,6.1,6.6,10.7,192.3,QB
Tyler Huntley,2021,HuntTy01,23.0,1081.0,3.0,4.0,188.0,122.0,7.0,64.9,1.6,2.1,5.8,5.1,8.9,154.4,QB
Tyrod Taylor,2021,TaylTy00,32.0,966.0,5.0,5.0,150.0,91.0,6.0,60.7,3.3,3.3,6.4,5.6,10.6,161.0,QB
Mike White,2021,WhitMi01,26.0,953.0,5.0,8.0,132.0,88.0,4.0,66.7,3.8,6.1,7.2,5.3,10.8,238.3,QB
Mike Glennon,2021,GlenMi00,32.0,790.0,4.0,10.0,167.0,90.0,6.0,53.9,2.4,6.0,4.7,2.5,8.8,131.7,QB
Drew Lock,2021,LockDr00,25.0,787.0,2.0,2.0,111.0,67.0,6.0,60.4,1.8,1.8,7.1,6.6,11.7,131.2,QB
Colt McCoy,2021,McCoCo00,35.0,740.0,3.0,1.0,99.0,74.0,8.0,74.7,3.0,1.0,7.5,7.6,10.0,92.5,QB
Geno Smith,2021,SmitGe00,31.0,702.0,5.0,1.0,95.0,65.0,4.0,68.4,5.3,1.1,7.4,8.0,10.8,175.5,QB
Cam Newton,2021,NewtCa00,32.0,684.0,4.0,5.0,126.0,69.0,8.0,54.8,3.2,4.0,5.4,4.3,9.9,85.5,QB
Josh Johnson,2021,JohnJo05,35.0,638.0,5.0,2.0,85.0,57.0,4.0,67.1,5.9,2.4,7.5,7.6,11.2,159.5,QB
Trey Lance,2021,LancTr00,21.0,603.0,5.0,2.0,71.0,41.0,6.0,57.7,7.0,2.8,8.5,8.6,14.7,100.5,QB
Tim Boyle,2021,BoylTi00,27.0,526.0,3.0,6.0,94.0,61.0,5.0,64.9,3.2,6.4,5.6,3.4,8.6,105.2,QB
Case Keenum,2021,KeenCa00,33.0,462.0,3.0,1.0,72.0,47.0,7.0,65.3,4.2,1.4,6.4,6.6,9.8,66.0,QB
Gardner Minshew II,2021,MinsGa00,25.0,439.0,4.0,1.0,60.0,41.0,4.0,68.3,6.7,1.7,7.3,7.9,10.7,109.8,QB
Jordan Love,2021,LoveJo03,23.0,411.0,2.0,3.0,62.0,36.0,6.0,58.1,3.2,4.8,6.6,5.1,11.4,68.5,QB
P.J. Walker,2021,WalkPh00,26.0,362.0,1.0,3.0,66.0,36.0,5.0,54.5,1.5,4.5,5.5,3.7,10.1,72.4,QB
Mason Rudolph,2021,RudoMa00,26.0,277.0,1.0,1.0,58.0,35.0,2.0,60.3,1.7,1.7,4.8,4.3,7.9,138.5,QB
Jake Fromm,2021,FromJa00,23.0,210.0,1.0,3.0,60.0,27.0,3.0,45.0,1.7,5.0,3.5,1.6,7.8,70.0,QB
Patrick Mahomes,2022,MahoPa00,27.0,5250.0,41.0,12.0,648.0,435.0,17.0,67.1,6.3,1.9,8.1,8.5,12.1,308.8,QB
Justin Herbert,2022,HerbJu00,24.0,4739.0,25.0,10.0,699.0,477.0,17.0,68.2,3.6,1.4,6.8,6.9,9.9,278.8,QB
Tom Brady,2022,BradTo00,45.0,4694.0,25.0,9.0,733.0,490.0,17.0,66.8,3.4,1.2,6.4,6.5,9.6,276.1,QB
Kirk Cousins,2022,CousKi00,34.0,4547.0,29.0,14.0,643.0,424.0,17.0,65.9,4.5,2.2,7.1,7.0,10.7,267.5,QB
Joe Burrow,2022,BurrJo01,26.0,4475.0,35.0,12.0,606.0,414.0,16.0,68.3,5.8,2.0,7.4,7.6,10.8,279.7,QB
Jared Goff,2022,GoffJa00,28.0,4438.0,29.0,7.0,587.0,382.0,17.0,65.1,4.9,1.2,7.6,8.0,11.6,261.1,QB
Josh Allen,2022,AlleJo02,26.0,4283.0,35.0,14.0,567.0,359.0,16.0,63.3,6.2,2.5,7.6,7.7,11.9,267.7,QB
Geno Smith,2022,SmitGe00,32.0,4282.0,30.0,11.0,572.0,399.0,17.0,69.8,5.2,1.9,7.5,7.7,10.7,251.9,QB
Trevor Lawrence,2022,LawrTr00,23.0,4113.0,25.0,8.0,584.0,387.0,17.0,66.3,4.3,1.4,7.0,7.3,10.6,241.9,QB
Jalen Hurts,2022,HurtJa00,24.0,3701.0,22.0,6.0,460.0,306.0,15.0,66.5,4.8,1.3,8.0,8.4,12.1,246.7,QB
Aaron Rodgers,2022,RodgAa00,39.0,3695.0,26.0,12.0,542.0,350.0,17.0,64.6,4.8,2.2,6.8,6.8,10.6,217.4,QB
Tua Tagovailoa,2022,TagoTu00,24.0,3548.0,25.0,8.0,400.0,259.0,13.0,64.8,6.3,2.0,8.9,9.2,13.7,272.9,QB
Russell Wilson,2022,WilsRu00,34.0,3524.0,16.0,11.0,483.0,292.0,15.0,60.5,3.3,2.3,7.3,6.9,12.1,234.9,QB
Derek Carr,2022,CarrDe02,31.0,3522.0,24.0,14.0,502.0,305.0,15.0,60.8,4.8,2.8,7.0,6.7,11.5,234.8,QB
Daniel Jones,2022,JoneDa05,25.0,3205.0,15.0,5.0,472.0,317.0,16.0,67.2,3.2,1.1,6.8,6.9,10.1,200.3,QB
Davis Mills,2022,MillDa02,24.0,3118.0,17.0,15.0,479.0,292.0,15.0,61.0,3.5,3.1,6.5,5.8,10.7,207.9,QB
Matt Ryan,2022,RyanMa00,37.0,3057.0,14.0,13.0,461.0,309.0,12.0,67.0,3.0,2.8,6.6,6.0,9.9,254.8,QB
Mac Jones,2022,JoneMa05,24.0,2997.0,14.0,11.0,442.0,288.0,14.0,65.2,3.2,2.5,6.8,6.3,10.4,214.1,QB
Andy Dalton,2022,DaltAn00,35.0,2871.0,18.0,9.0,378.0,252.0,14.0,66.7,4.8,2.4,7.6,7.5,11.4,205.1,QB
Dak Prescott,2022,PresDa01,29.0,2860.0,23.0,15.0,394.0,261.0,12.0,66.2,5.8,3.8,7.3,6.7,11.0,238.3,QB
Jacoby Brissett,2022,BrisJa00,30.0,2608.0,12.0,6.0,369.0,236.0,16.0,64.0,3.3,1.6,7.1,7.0,11.1,163.0,QB
Ryan Tannehill,2022,TannRy00,34.0,2536.0,13.0,6.0,325.0,212.0,12.0,65.2,4.0,1.8,7.8,7.8,12.0,211.3,QB
Jimmy Garoppolo,2022,GaroJi00,31.0,2437.0,16.0,4.0,308.0,207.0,11.0,67.2,5.2,1.3,7.9,8.4,11.8,221.5,QB
Kenny Pickett,2022,PickKe00,24.0,2404.0,7.0,9.0,389.0,245.0,13.0,63.0,1.8,2.3,6.2,5.5,9.8,184.9,QB
Kyler Murray,2022,MurrKy00,25.0,2368.0,14.0,7.0,390.0,259.0,11.0,66.4,3.6,1.8,6.1,6.0,9.1,215.3,QB
Justin Fields,2022,FielJu00,23.0,2242.0,17.0,11.0,318.0,192.0,15.0,60.4,5.3,3.5,7.1,6.6,11.7,149.5,QB
Lamar Jackson,2022,JackLa00,25.0,2242.0,17.0,7.0,326.0,203.0,12.0,62.3,5.2,2.1,6.9,7.0,11.0,186.8,QB
Marcus Mariota,2022,MariMa01,29.0,2219.0,15.0,9.0,300.0,184.0,13.0,61.3,5.0,3.0,7.4,7.0,12.1,170.7,QB
Baker Mayfield,2022,MayfBa00,27.0,2163.0,10.0,8.0,335.0,201.0,12.0,60.0,3.0,2.4,6.5,6.0,10.8,180.3,QB
Matthew Stafford,2022,StafMa00,34.0,2087.0,10.0,8.0,303.0,206.0,9.0,68.0,3.3,2.6,6.9,6.4,10.1,231.9,QB
Taylor Heinicke,2022,HeinTa00,29.0,1859.0,12.0,6.0,259.0,161.0,9.0,62.2,4.6,2.3,7.2,7.1,11.5,206.6,QB
Carson Wentz,2022,WentCa00,30.0,1755.0,11.0,9.0,276.0,172.0,8.0,62.3,4.0,3.3,6.4,5.7,10.2,219.4,QB
Zach Wilson,2022,WilsZa00,23.0,1688.0,6.0,7.0,242.0,132.0,9.0,54.5,2.5,2.9,7.0,6.2,12.8,187.6,QB
Brock Purdy,2022,PurdBr00,23.0,1374.0,13.0,4.0,170.0,114.0,9.0,67.1,7.6,2.4,8.1,8.6,12.1,152.7,QB
Mitchell Trubisky,2022,TrubMi00,28.0,1252.0,4.0,5.0,180.0,117.0,7.0,65.0,2.2,2.8,7.0,6.2,10.7,178.9,QB
Mike White,2022,WhitMi01,27.0,1192.0,3.0,4.0,175.0,103.0,4.0,58.9,1.7,2.3,6.8,6.1,11.6,298.0,QB
Sam Darnold,2022,DarnSa00,25.0,1143.0,7.0,3.0,140.0,82.0,6.0,58.6,5.0,2.1,8.2,8.2,13.9,190.5,QB
Deshaun Watson,2022,WatsDe00,27.0,1102.0,7.0,5.0,170.0,99.0,6.0,58.2,4.1,2.9,6.5,6.0,11.1,183.7,QB
Joe Flacco,2022,FlacJo00,37.0,1051.0,5.0,3.0,191.0,110.0,5.0,57.6,2.6,1.6,5.5,5.3,9.6,210.2,QB
Cooper Rush,2022,RushCo00,29.0,1051.0,5.0,3.0,162.0,94.0,9.0,58.0,3.1,1.9,6.5,6.3,11.2,116.8,QB
Jameis Winston,2022,WinsJa00,28.0,858.0,4.0,5.0,115.0,73.0,3.0,63.5,3.5,4.3,7.5,6.2,11.8,286.0,QB
Bailey Zappe,2022,ZappBa00,23.0,781.0,5.0,3.0,92.0,65.0,4.0,70.7,5.4,3.3,8.5,8.1,12.0,195.3,QB
Colt McCoy,2022,McCoCo00,36.0,780.0,1.0,3.0,132.0,90.0,4.0,68.2,0.8,2.3,5.9,5.0,8.7,195.0,QB
P.J. Walker,2022,WalkPh00,27.0,731.0,3.0,3.0,106.0,63.0,6.0,59.4,2.8,2.8,6.9,6.2,11.6,121.8,QB
Desmond Ridder,2022,RiddDe00,23.0,708.0,2.0,0.0,115.0,73.0,4.0,63.5,1.7,0.0,6.2,6.5,9.7,177.0,QB
Teddy Bridgewater,2022,BridTe00,30.0,683.0,4.0,4.0,79.0,49.0,5.0,62.0,5.1,5.1,8.6,7.4,13.9,136.6,QB
Gardner Minshew II,2022,MinsGa00,26.0,663.0,3.0,3.0,76.0,44.0,5.0,57.9,3.9,3.9,8.7,7.7,15.1,132.6,QB
Tyler Huntley,2022,HuntTy01,24.0,658.0,2.0,3.0,112.0,75.0,6.0,67.0,1.8,2.7,5.9,5.0,8.8,109.7,QB
Jarrett Stidham,2022,StidJa00,26.0,656.0,4.0,3.0,83.0,53.0,5.0,63.9,4.8,3.6,7.9,7.2,12.4,131.2,QB
Sam Ehlinger,2022,EhliSa00,24.0,573.0,3.0,3.0,101.0,64.0,4.0,63.4,3.0,3.0,5.7,4.9,9.0,143.3,QB
Skylar Thompson,2022,ThomSk00,25.0,534.0,1.0,3.0,105.0,60.0,7.0,57.1,1.0,2.9,5.1,4.0,8.9,76.3,QB
Brett Rypien,2022,RypiBr00,26.0,483.0,2.0,4.0,88.0,53.0,4.0,60.2,2.3,4.5,5.5,3.9,9.1,120.8,QB
Kyle Allen,2022,AlleKy00,26.0,416.0,2.0,4.0,78.0,46.0,2.0,59.0,2.6,5.1,5.3,3.5,9.0,208.0,QB
Trace McSorley,2022,McSoTr00,27.0,412.0,0.0,5.0,83.0,45.0,6.0,54.2,0.0,6.0,5.0,2.3,9.2,68.7,QB
Joshua Dobbs,2022,DobbJo00,27.0,411.0,2.0,2.0,68.0,40.0,2.0,58.8,2.9,2.9,6.0,5.3,10.3,205.5,QB
David Blough,2022,BlouDa00,27.0,402.0,2.0,2.0,58.0,38.0,2.0,65.5,3.4,3.4,6.9,6.1,10.6,201.0,QB
John Wolford,2022,WolfJo00,27.0,390.0,1.0,3.0,62.0,38.0,3.0,61.3,1.6,4.8,6.3,4.4,10.3,130.0,QB
Malik Willis,2022,WillMa12,23.0,276.0,0.0,3.0,61.0,31.0,8.0,50.8,0.0,4.9,4.5,2.3,8.9,34.5,QB
Tua Tagovailoa,2023,TagoTu00,25.0,4624.0,29.0,14.0,560.0,388.0,17.0,69.3,5.2,2.5,8.3,8.2,11.9,272.0,QB
Jared Goff,2023,GoffJa00,29.0,4575.0,30.0,12.0,605.0,407.0,17.0,67.3,5.0,2.0,7.6,7.7,11.2,269.1,QB
Dak Prescott,2023,PresDa01,30.0,4516.0,36.0,9.0,590.0,410.0,17.0,69.5,6.1,1.5,7.7,8.2,11.0,265.6,QB
Josh Allen,2023,AlleJo02,27.0,4306.0,29.0,18.0,579.0,385.0,17.0,66.5,5.0,3.1,7.4,7.0,11.2,253.3,QB
Brock Purdy,2023,PurdBr00,24.0,4280.0,31.0,11.0,444.0,308.0,16.0,69.4,7.0,2.5,9.6,9.9,13.9,267.5,QB
Patrick Mahomes,2023,MahoPa00,28.0,4183.0,27.0,14.0,597.0,401.0,16.0,67.2,4.5,2.3,7.0,6.9,10.4,261.4,QB
Jordan Love,2023,LoveJo03,25.0,4159.0,32.0,11.0,579.0,372.0,17.0,64.2,5.5,1.9,7.2,7.4,11.2,244.6,QB
C.J. Stroud,2023,StroCJ00,22.0,4108.0,23.0,5.0,499.0,319.0,15.0,63.9,4.6,1.0,8.2,8.7,12.9,273.9,QB
Baker Mayfield,2023,MayfBa00,28.0,4044.0,28.0,10.0,566.0,364.0,17.0,64.3,4.9,1.8,7.1,7.3,11.1,237.9,QB
Trevor Lawrence,2023,LawrTr00,24.0,4016.0,21.0,14.0,564.0,370.0,16.0,65.6,3.7,2.5,7.1,6.7,10.9,251.0,QB
Matthew Stafford,2023,StafMa00,35.0,3965.0,24.0,11.0,521.0,326.0,15.0,62.6,4.6,2.1,7.6,7.6,12.2,264.3,QB
Sam Howell,2023,HoweSa00,23.0,3946.0,21.0,21.0,612.0,388.0,17.0,63.4,3.4,3.4,6.4,5.6,10.2,232.1,QB
Derek Carr,2023,CarrDe02,32.0,3878.0,25.0,8.0,548.0,375.0,17.0,68.4,4.6,1.5,7.1,7.3,10.3,228.1,QB
Jalen Hurts,2023,HurtJa00,25.0,3858.0,23.0,15.0,538.0,352.0,17.0,65.4,4.3,2.8,7.2,6.8,11.0,226.9,QB
Lamar Jackson,2023,JackLa00,26.0,3678.0,24.0,7.0,457.0,307.0,16.0,67.2,5.3,1.5,8.0,8.4,12.0,229.9,QB
Geno Smith,2023,SmitGe00,33.0,3624.0,20.0,9.0,499.0,323.0,15.0,64.7,4.0,1.8,7.3,7.3,11.2,241.6,QB
Gardner Minshew II,2023,MinsGa00,27.0,3305.0,15.0,9.0,490.0,305.0,17.0,62.2,3.1,1.8,6.7,6.5,10.8,194.4,QB
Justin Herbert,2023,HerbJu00,25.0,3134.0,20.0,7.0,456.0,297.0,13.0,65.1,4.4,1.5,6.9,7.1,10.6,241.1,QB
Russell Wilson,2023,WilsRu00,35.0,3070.0,26.0,8.0,447.0,297.0,15.0,66.4,5.8,1.8,6.9,7.2,10.3,204.7,QB
Bryce Young,2023,YounBr01,22.0,2877.0,11.0,10.0,527.0,315.0,16.0,59.8,2.1,1.9,5.5,5.0,9.1,179.8,QB
Desmond Ridder,2023,RiddDe00,24.0,2836.0,12.0,12.0,388.0,249.0,15.0,64.2,3.1,3.1,7.3,6.5,11.4,189.1,QB
Justin Fields,2023,FielJu00,24.0,2562.0,16.0,9.0,370.0,227.0,13.0,61.4,4.3,2.4,6.9,6.7,11.3,197.1,QB
Joshua Dobbs,2023,DobbJo00,28.0,2464.0,13.0,10.0,417.0,262.0,13.0,62.8,3.1,2.4,5.9,5.5,9.4,189.5,QB
Kirk Cousins,2023,CousKi00,35.0,2331.0,18.0,5.0,311.0,216.0,8.0,69.5,5.8,1.6,7.5,7.9,10.8,291.4,QB
Joe Burrow,2023,BurrJo01,27.0,2309.0,15.0,6.0,365.0,244.0,10.0,66.8,4.1,1.6,6.3,6.4,9.5,230.9,QB
Zach Wilson,2023,WilsZa00,24.0,2271.0,8.0,7.0,368.0,221.0,12.0,60.1,2.2,1.9,6.2,5.8,10.3,189.3,QB
Aidan O'Connell,2023,OConAi00,25.0,2218.0,12.0,7.0,343.0,213.0,11.0,62.1,3.5,2.0,6.5,6.2,10.4,201.6,QB
Mac Jones,2023,JoneMa05,25.0,2120.0,10.0,12.0,345.0,224.0,11.0,64.9,2.9,3.5,6.1,5.2,9.5,192.7,QB
Kenny Pickett,2023,PickKe00,25.0,2070.0,6.0,4.0,324.0,201.0,12.0,62.0,1.9,1.2,6.4,6.2,10.3,172.5,QB
Jake Browning,2023,BrowJa08,27.0,1936.0,12.0,7.0,243.0,171.0,9.0,70.4,4.9,2.9,8.0,7.7,11.3,215.1,QB
Will Levis,2023,LeviWi00,24.0,1808.0,8.0,4.0,255.0,149.0,9.0,58.4,3.1,1.6,7.1,7.0,12.1,200.9,QB
Kyler Murray,2023,MurrKy00,26.0,1799.0,10.0,5.0,268.0,176.0,8.0,65.7,3.7,1.9,6.7,6.6,10.2,224.9,QB
Joe Flacco,2023,FlacJo00,38.0,1616.0,13.0,8.0,204.0,123.0,5.0,60.3,6.4,3.9,7.9,7.4,13.1,323.2,QB
Ryan Tannehill,2023,TannRy00,35.0,1616.0,4.0,7.0,230.0,149.0,10.0,64.8,1.7,3.0,7.0,6.0,10.8,161.6,QB
Tyrod Taylor,2023,TaylTy00,34.0,1341.0,5.0,3.0,180.0,116.0,11.0,64.4,2.8,1.7,7.5,7.3,11.6,121.9,QB
Nick Mullens,2023,MullNi00,28.0,1306.0,7.0,8.0,148.0,100.0,5.0,67.6,4.7,5.4,8.8,7.3,13.1,261.2,QB
Bailey Zappe,2023,ZappBa00,24.0,1272.0,6.0,9.0,212.0,127.0,10.0,59.9,2.8,4.2,6.0,4.7,10.0,127.2,QB
Jimmy Garoppolo,2023,GaroJi00,32.0,1205.0,7.0,9.0,169.0,110.0,7.0,65.1,4.1,5.3,7.1,5.6,11.0,172.1,QB
Easton Stick,2023,SticEa00,28.0,1129.0,3.0,1.0,174.0,111.0,5.0,63.8,1.7,0.6,6.5,6.6,10.2,225.8,QB
Deshaun Watson,2023,WatsDe00,28.0,1115.0,7.0,4.0,171.0,105.0,6.0,61.4,4.1,2.3,6.5,6.3,10.6,185.8,QB
Tommy DeVito,2023,DeViTo00,25.0,1101.0,8.0,3.0,178.0,114.0,9.0,64.0,4.5,1.7,6.2,6.3,9.7,122.3,QB
Daniel Jones,2023,JoneDa05,26.0,909.0,2.0,6.0,160.0,108.0,6.0,67.5,1.3,3.8,5.7,4.2,8.4,151.5,QB
Taylor Heinicke,2023,HeinTa00,30.0,890.0,5.0,4.0,136.0,74.0,5.0,54.4,3.7,2.9,6.5,6.0,12.0,178.0,QB
Tyson Bagent,2023,BageTy00,23.0,859.0,3.0,6.0,143.0,94.0,5.0,65.7,2.1,4.2,6.0,4.5,9.1,171.8,QB
Trevor Siemian,2023,SiemTr00,32.0,724.0,2.0,4.0,153.0,86.0,5.0,56.2,1.3,2.6,4.7,3.8,8.4,144.8,QB
Mason Rudolph,2023,RudoMa00,28.0,719.0,3.0,0.0,74.0,55.0,4.0,74.3,4.1,0.0,9.7,10.5,13.1,179.8,QB
P.J. Walker,2023,WalkPh00,28.0,674.0,1.0,5.0,111.0,54.0,6.0,48.6,0.9,4.5,6.1,4.2,12.5,112.3,QB
Mitchell Trubisky,2023,TrubMi00,29.0,632.0,4.0,5.0,107.0,67.0,5.0,62.6,3.7,4.7,5.9,4.6,9.4,126.4,QB
Anthony Richardson,2023,RichAn03,21.0,577.0,3.0,1.0,84.0,50.0,4.0,59.5,3.6,1.2,6.9,7.0,11.5,144.3,QB
Drew Lock,2023,LockDr00,27.0,543.0,3.0,3.0,76.0,48.0,4.0,63.2,3.9,3.9,7.1,6.2,11.3,135.8,QB
Jarrett Stidham,2023,StidJa00,27.0,496.0,2.0,1.0,66.0,40.0,3.0,60.6,3.0,1.5,7.5,7.4,12.4,165.3,QB
Dorian Thompson-Robinson,2023,ThomDo02,24.0,440.0,1.0,4.0,112.0,60.0,8.0,53.6,0.9,3.6,3.9,2.5,7.3,55.0,QB
Andy Dalton,2023,DaltAn00,36.0,361.0,2.0,0.0,58.0,34.0,3.0,58.6,3.4,0.0,6.2,6.9,10.6,120.3,QB
Tim Boyle,2023,BoylTi00,29.0,360.0,1.0,4.0,77.0,48.0,3.0,62.3,1.3,5.2,4.7,2.6,7.5,120.0,QB
C.J. Beathard,2023,BeatC.00,30.0,349.0,1.0,0.0,53.0,40.0,7.0,75.5,1.9,0.0,6.6,7.0,8.7,49.9,QB
Case Keenum,2023,KeenCa00,35.0,291.0,1.0,3.0,53.0,34.0,2.0,64.2,1.9,5.7,5.5,3.3,8.6,145.5,QB
Joe Burrow,2024,BurrJo01,28.0,4918.0,43.0,9.0,652.0,460.0,17.0,70.6,6.6,1.4,7.5,8.2,10.7,289.3,QB
Jared Goff,2024,GoffJa00,30.0,4629.0,37.0,12.0,539.0,390.0,17.0,72.4,6.9,2.2,8.6,9.0,11.9,272.3,QB
Baker Mayfield,2024,MayfBa00,29.0,4500.0,41.0,16.0,570.0,407.0,17.0,71.4,7.2,2.8,7.9,8.1,11.1,264.7,QB
Geno Smith,2024,SmitGe00,34.0,4320.0,21.0,15.0,578.0,407.0,17.0,70.4,3.6,2.6,7.5,7.0,10.6,254.1,QB
Sam Darnold,2024,DarnSa00,27.0,4319.0,35.0,12.0,545.0,361.0,17.0,66.2,6.4,2.2,7.9,8.2,12.0,254.1,QB
Lamar Jackson,2024,JackLa00,27.0,4172.0,41.0,4.0,474.0,316.0,17.0,66.7,8.6,0.8,8.8,10.2,13.2,245.4,QB
Patrick Mahomes,2024,MahoPa00,29.0,3928.0,26.0,11.0,581.0,392.0,16.0,67.5,4.5,1.9,6.8,6.8,10.0,245.5,QB
Aaron Rodgers,2024,RodgAa00,41.0,3897.0,28.0,11.0,584.0,368.0,17.0,63.0,4.8,1.9,6.7,6.8,10.6,229.2,QB
Justin Herbert,2024,HerbJu00,26.0,3870.0,23.0,3.0,504.0,332.0,17.0,65.9,4.6,0.6,7.7,8.3,11.7,227.6,QB
Brock Purdy,2024,PurdBr00,25.0,3864.0,20.0,12.0,455.0,300.0,15.0,65.9,4.4,2.6,8.5,8.2,12.9,257.6,QB
Kyler Murray,2024,MurrKy00,27.0,3851.0,21.0,11.0,541.0,372.0,17.0,68.8,3.9,2.0,7.1,7.0,10.4,226.5,QB
Bo Nix,2024,NixxBo00,24.0,3775.0,29.0,12.0,567.0,376.0,17.0,66.3,5.1,2.1,6.7,6.7,10.0,222.1,QB
Matthew Stafford,2024,StafMa00,36.0,3762.0,20.0,8.0,517.0,340.0,16.0,65.8,3.9,1.5,7.3,7.4,11.1,235.1,QB
Josh Allen,2024,AlleJo02,28.0,3731.0,28.0,6.0,483.0,307.0,17.0,63.6,5.8,1.2,7.7,8.3,12.2,219.5,QB
C.J. Stroud,2024,StroCJ00,23.0,3727.0,20.0,12.0,532.0,336.0,17.0,63.2,3.8,2.3,7.0,6.7,11.1,219.2,QB
Jayden Daniels,2024,DaniJa02,24.0,3568.0,25.0,9.0,480.0,331.0,17.0,69.0,5.2,1.9,7.4,7.6,10.8,209.9,QB
Caleb Williams,2024,WillCa03,23.0,3541.0,20.0,6.0,562.0,351.0,17.0,62.5,3.6,1.1,6.3,6.5,10.1,208.3,QB
Kirk Cousins,2024,CousKi00,36.0,3508.0,18.0,16.0,453.0,303.0,14.0,66.9,4.0,3.5,7.7,6.9,11.6,250.6,QB
Jordan Love,2024,LoveJo03,26.0,3389.0,25.0,11.0,425.0,268.0,15.0,63.1,5.9,2.6,8.0,8.0,12.6,225.9,QB
Jalen Hurts,2024,HurtJa00,26.0,2903.0,18.0,5.0,361.0,248.0,15.0,68.7,5.0,1.4,8.0,8.4,11.7,193.5,QB
Tua Tagovailoa,2024,TagoTu00,26.0,2867.0,19.0,7.0,399.0,291.0,11.0,72.9,4.8,1.8,7.2,7.3,9.9,260.6,QB
Russell Wilson,2024,WilsRu00,36.0,2482.0,16.0,5.0,336.0,214.0,11.0,63.7,4.8,1.5,7.4,7.7,11.6,225.6,QB
Bryce Young,2024,YounBr01,23.0,2403.0,15.0,9.0,384.0,234.0,14.0,60.9,3.9,2.3,6.3,6.0,10.3,171.6,QB
Drake Maye,2024,MayeDr00,22.0,2276.0,15.0,10.0,338.0,225.0,13.0,66.6,4.4,3.0,6.7,6.3,10.1,175.1,QB
Derek Carr,2024,CarrDe02,33.0,2145.0,15.0,5.0,279.0,189.0,10.0,67.7,5.4,1.8,7.7,8.0,11.3,214.5,QB
Jameis Winston,2024,WinsJa00,30.0,2121.0,13.0,12.0,296.0,181.0,12.0,61.1,4.4,4.1,7.2,6.2,11.7,176.8,QB
Will Levis,2024,LeviWi00,25.0,2091.0,13.0,12.0,301.0,190.0,12.0,63.1,4.3,4.0,6.9,6.0,11.0,174.3,QB
Daniel Jones,2024,JoneDa05,27.0,2070.0,8.0,7.0,341.0,216.0,10.0,63.3,2.3,2.1,6.1,5.6,9.6,207.0,QB
Trevor Lawrence,2024,LawrTr00,25.0,2045.0,11.0,7.0,284.0,172.0,10.0,60.6,3.9,2.5,7.2,6.9,11.9,204.5,QB
Gardner Minshew II,2024,MinsGa00,28.0,2013.0,9.0,10.0,306.0,203.0,10.0,66.3,2.9,3.3,6.6,5.7,9.9,201.3,QB
Dak Prescott,2024,PresDa01,31.0,1978.0,11.0,8.0,286.0,185.0,8.0,64.7,3.8,2.8,6.9,6.4,10.7,247.3,QB
Cooper Rush,2024,RushCo00,31.0,1844.0,12.0,5.0,308.0,187.0,12.0,60.7,3.9,1.6,6.0,6.0,9.9,153.7,QB
Anthony Richardson,2024,RichAn03,22.0,1814.0,8.0,12.0,264.0,126.0,11.0,47.7,3.0,4.5,6.9,5.4,14.4,164.9,QB
Joe Flacco,2024,FlacJo00,39.0,1761.0,12.0,7.0,248.0,162.0,8.0,65.3,4.8,2.8,7.1,6.8,10.9,220.1,QB
Mac Jones,2024,JoneMa05,26.0,1672.0,8.0,8.0,262.0,171.0,10.0,65.3,3.1,3.1,6.4,5.6,9.8,167.2,QB
Aidan O'Connell,2024,OConAi00,26.0,1612.0,8.0,4.0,243.0,154.0,9.0,63.4,3.3,1.6,6.6,6.6,10.5,179.1,QB
Mason Rudolph,2024,RudoMa00,29.0,1530.0,9.0,9.0,228.0,146.0,8.0,64.0,3.9,3.9,6.7,5.7,10.5,191.3,QB
Spencer Rattler,2024,RattSp00,24.0,1317.0,4.0,5.0,228.0,130.0,7.0,57.0,1.8,2.2,5.8,5.1,10.1,188.1,QB
Deshaun Watson,2024,WatsDe00,29.0,1148.0,5.0,3.0,216.0,137.0,7.0,63.4,2.3,1.4,5.3,5.2,8.4,164.0,QB
Justin Fields,2024,FielJu00,25.0,1106.0,5.0,1.0,161.0,106.0,10.0,65.8,3.1,0.6,6.9,7.2,10.4,110.6,QB
Drew Lock,2024,LockDr00,28.0,1071.0,6.0,5.0,181.0,107.0,8.0,59.1,3.3,2.8,5.9,5.3,10.0,133.9,QB
Andy Dalton,2024,DaltAn00,37.0,989.0,7.0,6.0,160.0,106.0,6.0,66.3,4.4,3.8,6.2,5.4,9.3,164.8,QB
Tyler Huntley,2024,HuntTy01,26.0,829.0,3.0,3.0,133.0,86.0,5.0,64.7,2.3,2.3,6.2,5.7,9.6,165.8,QB
Jacoby Brissett,2024,BrisJa00,32.0,826.0,2.0,1.0,161.0,95.0,8.0,59.0,1.2,0.6,5.1,5.1,8.7,103.3,QB
Michael Penix,2024,PeniMi00,24.0,775.0,3.0,3.0,105.0,61.0,5.0,58.1,2.9,2.9,7.4,6.7,12.7,155.0,QB
Malik Willis,2024,WillMa12,25.0,550.0,3.0,0.0,54.0,40.0,7.0,74.1,5.6,0.0,10.2,11.3,13.8,78.6,QB
Desmond Ridder,2024,RiddDe00,25.0,458.0,2.0,2.0,85.0,52.0,6.0,61.2,2.4,2.4,5.4,4.8,8.8,76.3,QB
Dorian Thompson-Robinson,2024,ThomDo02,25.0,440.0,0.0,6.0,118.0,61.0,7.0,51.7,0.0,5.1,3.7,1.4,7.2,62.9,QB
Tim Boyle,2024,BoylTi00,30.0,276.0,1.0,1.0,50.0,27.0,3.0,54.0,2.0,2.0,5.5,5.0,10.2,92.0,QB
Matthew Stafford,2025,StafMa00,37.0,4707.0,46.0,8.0,597.0,388.0,17.0,65.0,7.7,1.3,7.9,8.8,12.1,276.9,QB
Jared Goff,2025,GoffJa00,31.0,4564.0,34.0,8.0,578.0,393.0,17.0,68.0,5.9,1.4,7.9,8.4,11.6,268.5,QB
Dak Prescott,2025,PresDa01,32.0,4552.0,30.0,10.0,600.0,404.0,17.0,67.3,5.0,1.7,7.6,7.8,11.3,267.8,QB
Drake Maye,2025,MayeDr00,23.0,4394.0,31.0,8.0,492.0,354.0,17.0,72.0,6.3,1.6,8.9,9.5,12.4,258.5,QB
Sam Darnold,2025,DarnSa00,28.0,4048.0,25.0,14.0,477.0,323.0,17.0,67.7,5.2,2.9,8.5,8.2,12.5,238.1,QB
Trevor Lawrence,2025,LawrTr00,26.0,4007.0,29.0,12.0,560.0,341.0,17.0,60.9,5.2,2.1,7.2,7.2,11.8,235.7,QB
Caleb Williams,2025,WillCa03,24.0,3942.0,27.0,7.0,568.0,330.0,17.0,58.1,4.8,1.2,6.9,7.3,11.9,231.9,QB
Bo Nix,2025,NixxBo00,25.0,3931.0,25.0,11.0,612.0,388.0,17.0,63.4,4.1,1.8,6.4,6.4,10.1,231.2,QB
Justin Herbert,2025,HerbJu00,27.0,3727.0,26.0,13.0,512.0,340.0,16.0,66.4,5.1,2.5,7.3,7.2,11.0,232.9,QB
Baker Mayfield,2025,MayfBa00,30.0,3693.0,26.0,11.0,543.0,343.0,17.0,63.2,4.8,2.0,6.8,6.8,10.8,217.2,QB
Josh Allen,2025,AlleJo02,29.0,3668.0,25.0,10.0,460.0,319.0,17.0,69.3,5.4,2.2,8.0,8.1,11.5,215.8,QB
Patrick Mahomes,2025,MahoPa00,30.0,3587.0,22.0,11.0,502.0,315.0,14.0,62.7,4.4,2.2,7.1,7.0,11.4,256.2,QB
Jordan Love,2025,LoveJo03,27.0,3381.0,23.0,6.0,439.0,291.0,15.0,66.3,5.2,1.4,7.7,8.1,11.6,225.4,QB
Jacoby Brissett,2025,BrisJa00,33.0,3366.0,23.0,8.0,485.0,315.0,14.0,64.9,4.7,1.6,6.9,7.1,10.7,240.4,QB
Aaron Rodgers,2025,RodgAa00,42.0,3322.0,24.0,7.0,498.0,327.0,16.0,65.7,4.8,1.4,6.7,7.0,10.2,207.6,QB
Jalen Hurts,2025,HurtJa00,27.0,3224.0,25.0,6.0,454.0,294.0,16.0,64.8,5.5,1.3,7.1,7.6,11.0,201.5,QB
Cam Ward,2025,WardCa00,23.0,3169.0,15.0,7.0,540.0,323.0,17.0,59.8,2.8,1.3,5.9,5.8,9.8,186.4,QB
Daniel Jones,2025,JoneDa05,28.0,3101.0,19.0,8.0,384.0,261.0,13.0,68.0,4.9,2.1,8.1,8.1,11.9,238.5,QB
C.J. Stroud,2025,StroCJ00,24.0,3041.0,19.0,8.0,423.0,273.0,14.0,64.5,4.5,1.9,7.2,7.2,11.1,217.2,QB
Geno Smith,2025,SmitGe00,35.0,3025.0,19.0,17.0,448.0,302.0,15.0,67.4,4.2,3.8,6.8,5.9,10.0,201.7,QB
Bryce Young,2025,YounBr01,24.0,3011.0,23.0,11.0,478.0,304.0,16.0,63.6,4.8,2.3,6.3,6.2,9.9,188.2,QB
Tua Tagovailoa,2025,TagoTu00,27.0,2660.0,20.0,15.0,384.0,260.0,14.0,67.7,5.2,3.9,6.9,6.2,10.2,190.0,QB
Lamar Jackson,2025,JackLa00,28.0,2549.0,21.0,7.0,302.0,192.0,13.0,63.6,7.0,2.3,8.4,8.8,13.3,196.1,QB
Joe Flacco,2025,FlacJo00,40.0,2479.0,15.0,10.0,416.0,251.0,13.0,60.3,3.6,2.4,6.0,5.6,9.9,190.7,QB
Tyler Shough,2025,ShouTy00,26.0,2384.0,10.0,6.0,327.0,221.0,11.0,67.6,3.1,1.8,7.3,7.1,10.8,216.7,QB
Jaxson Dart,2025,DartJa00,22.0,2272.0,15.0,5.0,339.0,216.0,14.0,63.7,4.4,1.5,6.7,6.9,10.5,162.3,QB
Brock Purdy,2025,PurdBr00,26.0,2167.0,20.0,10.0,284.0,197.0,9.0,69.4,7.0,3.5,7.6,7.5,11.0,240.8,QB
Mac Jones,2025,JoneMa05,27.0,2151.0,13.0,6.0,289.0,201.0,11.0,69.6,4.5,2.1,7.4,7.4,10.7,195.5,QB
Michael Penix,2025,PeniMi00,25.0,1982.0,9.0,3.0,276.0,166.0,9.0,60.1,3.3,1.1,7.2,7.3,11.9,220.2,QB
Joe Burrow,2025,BurrJo01,29.0,1809.0,17.0,5.0,259.0,173.0,8.0,66.8,6.6,1.9,7.0,7.4,10.5,226.1,QB
Kirk Cousins,2025,CousKi00,37.0,1721.0,10.0,5.0,269.0,166.0,10.0,61.7,3.7,1.9,6.4,6.3,10.4,172.1,QB
Marcus Mariota,2025,MariMa01,32.0,1695.0,10.0,7.0,227.0,139.0,11.0,61.2,4.4,3.1,7.5,7.0,12.2,154.1,QB
J.J. McCarthy,2025,McCaJJ00,22.0,1632.0,11.0,12.0,243.0,140.0,10.0,57.6,4.5,4.9,6.7,5.4,11.7,163.2,QB
Spencer Rattler,2025,RattSp00,25.0,1586.0,8.0,5.0,257.0,174.0,9.0,67.7,3.1,1.9,6.2,5.9,9.1,176.2,QB
Shedeur Sanders,2025,SandSh00,23.0,1400.0,7.0,10.0,212.0,120.0,8.0,56.6,3.3,4.7,6.6,5.1,11.7,175.0,QB
Jayden Daniels,2025,DaniJa02,25.0,1262.0,8.0,3.0,188.0,114.0,7.0,60.6,4.3,1.6,6.7,6.8,11.1,180.3,QB
Justin Fields,2025,FielJu00,26.0,1259.0,7.0,1.0,204.0,128.0,9.0,62.7,3.4,0.5,6.2,6.6,9.8,139.9,QB
Carson Wentz,2025,WentCa00,33.0,1216.0,6.0,5.0,169.0,110.0,5.0,65.1,3.6,3.0,7.2,6.6,11.1,243.2,QB
Kyler Murray,2025,MurrKy00,28.0,962.0,6.0,3.0,161.0,110.0,5.0,68.3,3.7,1.9,6.0,5.9,8.7,192.4,QB
Dillon Gabriel,2025,GabrDi00,25.0,937.0,7.0,2.0,185.0,110.0,10.0,59.5,3.8,1.1,5.1,5.3,8.5,93.7,QB
Davis Mills,2025,MillDa02,27.0,915.0,5.0,1.0,159.0,91.0,6.0,57.2,3.1,0.6,5.8,6.1,10.1,152.5,QB
Russell Wilson,2025,WilsRu00,37.0,831.0,3.0,3.0,119.0,69.0,6.0,58.0,2.5,2.5,7.0,6.4,12.0,138.5,QB
Tyrod Taylor,2025,TaylTy00,36.0,779.0,5.0,5.0,134.0,80.0,6.0,59.7,3.7,3.7,5.8,4.9,9.7,129.8,QB
Jake Browning,2025,BrowJa08,29.0,771.0,6.0,8.0,125.0,81.0,5.0,64.8,4.8,6.4,6.2,4.2,9.5,154.2,QB
Brady Cook,2025,CookBr03,24.0,739.0,2.0,7.0,153.0,88.0,5.0,57.5,1.3,4.6,4.8,3.0,8.4,147.8,QB
Quinn Ewers,2025,EwerQu00,22.0,622.0,3.0,3.0,83.0,55.0,4.0,66.3,3.6,3.6,7.5,6.6,11.3,155.5,QB
Jameis Winston,2025,WinsJa00,31.0,567.0,2.0,2.0,66.0,37.0,3.0,56.1,3.0,3.0,8.6,7.8,15.3,189.0,QB
Philip Rivers,2025,RivePh00,44.0,544.0,4.0,3.0,92.0,58.0,3.0,63.0,4.3,3.3,5.9,5.3,9.4,181.3,QB
Tyler Huntley,2025,HuntTy01,27.0,426.0,2.0,0.0,67.0,52.0,5.0,77.6,3.0,0.0,6.4,7.0,8.2,85.2,QB
Riley Leonard,2025,LeonRi02,23.0,415.0,2.0,3.0,67.0,39.0,5.0,58.2,3.0,4.5,6.2,4.8,10.6,83.0,QB
Josh Johnson,2025,JohnJo05,39.0,372.0,1.0,2.0,54.0,34.0,5.0,63.0,1.9,3.7,6.9,5.6,10.9,74.4,QB
Max Brosmer,2025,BrosMa00,24.0,328.0,0.0,4.0,71.0,47.0,7.0,66.2,0.0,5.6,4.6,2.1,7.0,46.9,QB
Mason Rudolph,2025,RudoMa00,30.0,310.0,2.0,2.0,52.0,38.0,5.0,73.1,3.8,3.8,6.0,5.0,8.2,62.0,QB
Cooper Rush,2025,RushCo00,32.0,303.0,0.0,4.0,52.0,34.0,4.0,65.4,0.0,7.7,5.8,2.4,8.9,75.8,QB
Chris Oladokun,2025,OladCh00,28.0,235.0,1.0,0.0,55.0,35.0,3.0,63.6,1.8,0.0,4.3,4.6,6.7,78.3,QB
Trey Lance,2025,LancTr00,25.0,226.0,0.0,1.0,57.0,27.0,4.0,47.4,0.0,1.8,4.0,3.2,8.4,56.5,QB
Josh Allen,2026,AlleJo02,30.0,3351.9,23.1,8.9,435.6,301.7,13.6,69.3,5.3,2.0,7.7,7.8,11.1,245.6,QB
Jacoby Brissett,2026,BrisJa00,34.0,2705.4,17.0,7.2,300.4,235.9,11.6,78.5,5.7,2.4,9.0,9.1,11.5,233.7,QB
Jake Browning,2026,BrowJa08,30.0,1782.2,10.8,6.3,258.0,163.2,7.9,63.2,4.2,2.4,6.9,6.6,10.9,225.7,QB
Joe Burrow,2026,BurrJo01,30.0,2879.9,18.9,9.6,323.0,262.8,12.4,81.4,5.9,3.0,8.9,8.8,11.0,232.4,QB
Kirk Cousins,2026,CousKi00,38.0,2303.5,13.2,7.6,345.5,198.3,10.7,57.4,3.8,2.2,6.7,6.4,11.6,216.0,QB
Jayden Daniels,2026,DaniJa02,26.0,2285.4,11.6,7.3,347.1,209.2,10.6,60.3,3.3,2.1,6.6,6.3,10.9,214.9,QB
Sam Darnold,2026,DarnSa00,29.0,2918.1,21.1,8.9,354.4,285.2,13.0,80.5,5.9,2.5,8.2,8.3,10.2,224.2,QB
Justin Fields,2026,FielJu00,27.0,1555.3,8.9,5.3,235.7,153.7,9.5,65.2,3.8,2.3,6.6,6.3,10.1,164.4,QB
Joe Flacco,2026,FlacJo00,41.0,2029.6,11.9,7.4,306.5,177.3,9.9,57.8,3.9,2.4,6.6,6.3,11.4,206.0,QB
Jared Goff,2026,GoffJa00,32.0,3886.2,26.6,10.2,532.8,362.2,15.4,68.0,5.0,1.9,7.3,7.4,10.7,252.4,QB
Justin Herbert,2026,HerbJu00,28.0,3076.8,18.3,8.0,425.3,275.2,14.0,64.7,4.3,1.9,7.2,7.2,11.2,219.8,QB
Tyler Huntley,2026,HuntTy01,28.0,1161.7,10.2,6.2,225.3,136.1,6.5,60.4,4.5,2.8,5.2,4.8,8.5,179.4,QB
Jalen Hurts,2026,HurtJa00,28.0,2880.4,17.2,8.1,414.7,259.9,13.0,62.7,4.2,2.0,6.9,6.9,11.1,221.1,QB
Lamar Jackson,2026,JackLa00,29.0,3268.3,17.6,8.0,375.2,258.5,12.8,68.9,4.7,2.1,8.7,8.7,12.6,255.8,QB
Josh Johnson,2026,JohnJo05,40.0,2067.7,10.4,8.2,266.1,162.0,9.5,60.9,3.9,3.1,7.8,7.2,12.8,216.5,QB
Daniel Jones,2026,JoneDa05,29.0,2969.2,20.0,9.6,357.1,241.3,12.4,67.6,5.6,2.7,8.3,8.2,12.3,239.1,QB
Mac Jones,2026,JoneMa05,28.0,2019.7,14.5,8.0,237.7,197.9,10.9,83.3,6.1,3.4,8.5,8.2,10.2,185.0,QB
Trey Lance,2026,LancTr00,26.0,1793.4,9.7,5.8,192.1,138.1,7.1,71.9,5.1,3.0,9.3,9.0,13.0,253.6,QB
Trevor Lawrence,2026,LawrTr00,27.0,2995.3,20.2,8.2,427.7,272.9,12.6,63.8,4.7,1.9,7.0,7.1,11.0,236.8,QB
Jordan Love,2026,LoveJo03,28.0,3435.7,23.5,8.4,462.8,290.7,13.7,62.8,5.1,1.8,7.4,7.6,11.8,250.8,QB
Patrick Mahomes,2026,MahoPa00,31.0,3735.3,24.5,9.2,492.8,324.3,15.4,65.8,5.0,1.9,7.6,7.7,11.5,241.8,QB
Marcus Mariota,2026,MariMa01,33.0,1639.2,10.0,5.9,201.1,150.8,10.1,75.0,5.0,2.9,8.2,7.8,10.9,161.7,QB
Drake Maye,2026,MayeDr00,24.0,3542.0,26.1,10.0,535.2,300.9,14.6,56.2,4.9,1.9,6.6,6.8,11.8,242.9,QB
Baker Mayfield,2026,MayfBa00,31.0,3488.7,20.7,8.4,547.1,321.0,14.2,58.7,3.8,1.5,6.4,6.4,10.9,244.9,QB
Davis Mills,2026,MillDa02,28.0,1542.0,9.1,5.6,291.3,151.6,9.9,52.0,3.1,1.9,5.3,5.1,10.2,155.2,QB
Kyler Murray,2026,MurrKy00,29.0,2130.8,12.1,7.6,293.9,202.5,8.4,68.9,4.1,2.6,7.3,6.9,10.5,254.2,QB
Bo Nix,2026,NixxBo00,26.0,3868.1,23.5,9.4,549.8,323.0,14.8,58.7,4.3,1.7,7.0,7.1,12.0,262.2,QB
Michael Penix,2026,PeniMi00,26.0,2102.2,11.6,8.1,289.7,189.2,10.5,65.3,4.0,2.8,7.3,6.8,11.1,199.4,QB
Dak Prescott,2026,PresDa01,33.0,3089.3,22.3,10.3,389.5,291.8,13.4,74.9,5.7,2.7,7.9,7.9,10.6,229.9,QB
Brock Purdy,2026,PurdBr00,27.0,3589.6,24.0,9.6,424.4,308.7,13.9,72.7,5.6,2.3,8.5,8.6,11.6,258.1,QB
Spencer Rattler,2026,RattSp00,26.0,1364.2,10.0,5.3,118.7,124.4,8.3,104.9,8.4,4.5,11.5,11.2,11.0,165.0,QB
Philip Rivers,2026,RivePh00,45.0,2765.7,17.5,8.9,416.4,264.6,12.3,63.5,4.2,2.1,6.6,6.5,10.5,225.1,QB
Aaron Rodgers,2026,RodgAa00,43.0,3197.6,18.3,8.3,393.5,266.3,13.3,67.7,4.6,2.1,8.1,8.1,12.0,239.6,QB
Mason Rudolph,2026,RudoMa00,31.0,1809.6,13.6,7.6,234.5,169.6,7.9,72.4,5.8,3.2,7.7,7.4,10.7,227.8,QB
Cooper Rush,2026,RushCo00,33.0,1064.2,6.6,4.6,116.7,89.8,7.1,76.9,5.6,3.9,9.1,8.5,11.9,150.9,QB
Geno Smith,2026,SmitGe00,36.0,3019.1,14.1,8.0,387.3,260.3,13.4,67.2,3.6,2.1,7.8,7.6,11.6,225.6,QB
Matthew Stafford,2026,StafMa00,38.0,3512.5,23.6,9.1,511.4,323.8,13.8,63.3,4.6,1.8,6.9,7.0,10.8,255.4,QB
C.J. Stroud,2026,StroCJ00,25.0,3006.5,16.0,8.5,375.3,260.4,12.7,69.4,4.3,2.3,8.0,7.8,11.5,236.4,QB
Tua Tagovailoa,2026,TagoTu00,28.0,2845.2,15.4,8.0,311.9,228.4,12.1,73.2,5.0,2.6,9.1,9.0,12.5,234.7,QB
Tyrod Taylor,2026,TaylTy00,37.0,1662.1,8.8,6.2,233.4,162.6,8.3,69.7,3.8,2.6,7.1,6.7,10.2,200.5,QB
Carson Wentz,2026,WentCa00,34.0,1756.6,9.7,6.7,215.3,147.5,8.1,68.5,4.5,3.1,8.2,7.7,11.9,217.0,QB
Caleb Williams,2026,WillCa03,25.0,3543.8,23.5,10.3,538.5,305.4,13.9,56.7,4.4,1.9,6.6,6.6,11.6,254.3,QB
Russell Wilson,2026,WilsRu00,38.0,1751.4,9.7,6.6,323.1,192.5,8.9,59.6,3.0,2.0,5.4,5.1,9.1,197.5,QB
Jameis Winston,2026,WinsJa00,32.0,1796.1,13.3,7.9,291.5,169.1,9.2,58.0,4.5,2.7,6.2,5.9,10.6,195.1,QB
Bryce Young,2026,YounBr01,25.0,2633.2,15.0,7.3,354.0,246.8,12.2,69.7,4.2,2.1,7.4,7.4,10.7,215.3,QB
